Id,Prediction,Date,File,StartTime,ElapsedTime,BusyTime,Commands,editOrInsertPercentage,debugPercentage,navigationPercentage,focusPercentage,removePercentage,editPercentage,COMMAND_RATE,NAVIGATION_RATE,DEBUG_RATE,FOCUS_RATE,EDIT_RATE,REMOVE_RATE,INSERT_RATE,webLinkTimes,Web Page Visits
1,,Wed Mar 31 21:50:37 EDT 2021,Node.java,1617241837260,12531,0,(I)9(R)2(I)9(R)1(I)1(R)1(I)1,0.8333333333333334,0.0,0.0,0.0,0.0,0.0,2.0,0.0,0.0,0.0,0.0,0.3333333333333333,1.6666666666666667,0.0,[]
,/modelData/A0UserStudy2010.arff,Wed Mar 31 21:50:37 EDT 2021,Node.java, 1617241837260
2,,Wed Mar 31 21:50:46 EDT 2021,Node.java,1617241846044,9337,9337,(R)1(I)3(R)3(I)6(R)2(I)1,0.625,0.0,0.0,0.0,0.0,0.0,1.7777777777777777,0.0,0.0,0.0,0.0,0.6666666666666666,1.1111111111111112,0.0,[]
3,,Wed Mar 31 21:50:56 EDT 2021,Node.java,1617241856064,8370,8370,(R)1(I)2(R)2(I)10(R)8,0.5217391304347826,0.0,0.0,0.0,0.0,0.0,2.875,0.0,0.0,0.0,0.0,1.375,1.5,0.0,[]
4,,Wed Mar 31 21:51:05 EDT 2021,Node.java,1617241865013,10677,0,(I)9(R)2(I)3(R)1(I)3(R)2(I)1,0.7619047619047619,0.0,0.0,0.0,0.0,0.0,2.1,0.0,0.0,0.0,0.0,0.5,1.6,0.0,[]
5,,Wed Mar 31 21:51:15 EDT 2021,Node.java,1617241875951,5142,5142,(I)8(R)1(I)2(R)1(I)1(R)1(I)1(R)1(I)2(F)2,0.7,0.0,0.0,10.0,0.0,0.0,4.0,0.0,0.0,0.4,0.0,0.8,2.8,0.0,[]
6,,Wed Mar 31 21:51:21 EDT 2021,Node.java,1617241881111,9373,9373,(I)18(R)1(I)1(R)1(I)1(R)2,0.8333333333333334,0.0,0.0,0.0,0.0,0.0,2.6666666666666665,0.0,0.0,0.0,0.0,0.4444444444444444,2.2222222222222223,0.0,[]
7,,Wed Mar 31 21:51:31 EDT 2021,Node.java,1617241891458,5792,5792,(I)11(R)8(I)4,0.6521739130434783,0.0,0.0,0.0,0.0,0.0,4.6,0.0,0.0,0.0,0.0,1.6,3.0,0.0,[]
8,,Wed Mar 31 21:51:37 EDT 2021,Node.java,1617241897421,5077,5077,(I)18(R)1(I)2(R)1,0.9090909090909091,0.0,0.0,0.0,0.0,0.0,4.4,0.0,0.0,0.0,0.0,0.4,4.0,0.0,[]
9,,Wed Mar 31 21:51:41 EDT 2021,Node.java,1617241901567,18775,0,(I)2(R)1(I)19,0.9545454545454546,0.0,0.0,0.0,0.0,0.0,1.2222222222222223,0.0,0.0,0.0,0.0,0.05555555555555555,1.1666666666666667,0.0,[]
10,,Wed Mar 31 21:52:00 EDT 2021,Node.java,1617241920343,12280,0,(I)2(R)1(I)13,0.9375,0.0,0.0,0.0,0.0,0.0,1.3333333333333333,0.0,0.0,0.0,0.0,0.08333333333333333,1.25,0.0,[]
11,,Wed Mar 31 21:52:13 EDT 2021,Node.java,1617241933087,6305,6305,(R)1(I)9(R)3(I)5,0.7777777777777778,0.0,0.0,0.0,0.0,0.0,3.0,0.0,0.0,0.0,0.0,0.6666666666666666,2.3333333333333335,0.0,[]
12,,Wed Mar 31 21:52:19 EDT 2021,Node.java,1617241939578,11986,0,(I)21,1.0,0.0,0.0,0.0,0.0,0.0,1.9090909090909092,0.0,0.0,0.0,0.0,0.0,1.9090909090909092,0.0,[]
13,,Wed Mar 31 21:52:31 EDT 2021,Node.java,1617241951729,2419,2419,(I)5,1.0,0.0,0.0,0.0,0.0,0.0,2.5,0.0,0.0,0.0,0.0,0.0,2.5,0.0,[]
14,,Wed Mar 31 21:52:34 EDT 2021,Node.java,1617241954299,-18831,-18831,(R)1(I)6(R)1(I)2,0.8,0.0,0.0,0.0,0.0,0.0,0.0,0.0,0.0,0.0,0.0,null,0.0,0.0,[]
15,,Wed Mar 31 21:52:17 EDT 2021,Node.java,1617241937442,24377,0,(R)1(I)4(R)1(I)16,0.9090909090909091,0.0,0.0,0.0,0.0,0.0,0.9166666666666666,0.0,0.0,0.0,0.0,0.08333333333333333,0.8333333333333334,0.0,[]
16,,Wed Mar 31 21:52:41 EDT 2021,Node.java,1617241961929,10156,0,(I)18(R)1(I)3,0.9545454545454546,0.0,0.0,0.0,0.0,0.0,2.2,0.0,0.0,0.0,0.0,0.1,2.1,0.0,[]
17,,Wed Mar 31 21:52:52 EDT 2021,Node.java,1617241972129,5067,5067,(I)5(R)1(I)3(R)1(I)2(R)1(I)2,0.8,0.0,0.0,0.0,0.0,0.0,3.0,0.0,0.0,0.0,0.0,0.6,2.4,0.0,[]
18,,Wed Mar 31 21:52:57 EDT 2021,Node.java,1617241977640,6938,6938,(I)22,1.0,0.0,0.0,0.0,0.0,0.0,3.6666666666666665,0.0,0.0,0.0,0.0,0.0,3.6666666666666665,0.0,[]
19,,Wed Mar 31 21:53:04 EDT 2021,Node.java,1617241984759,3452,3452,(I)8(R)1(I)2(R)2(I)2(R)2(I)2(R)1(I)1(R)1,0.6818181818181818,0.0,0.0,0.0,0.0,0.0,7.333333333333333,0.0,0.0,0.0,0.0,2.3333333333333335,5.0,0.0,[]
20,,Wed Mar 31 21:53:08 EDT 2021,Node.java,1617241988748,11232,0,(I)1(R)1(I)23,0.96,0.0,0.0,0.0,0.0,0.0,2.272727272727273,0.0,0.0,0.0,0.0,0.09090909090909091,2.1818181818181817,0.0,[]
21,,Wed Mar 31 21:53:20 EDT 2021,Node.java,1617242000049,7640,7640,(I)22,1.0,0.0,0.0,0.0,0.0,0.0,3.142857142857143,0.0,0.0,0.0,0.0,0.0,3.142857142857143,0.0,[]
22,,Wed Mar 31 21:53:28 EDT 2021,Node.java,1617242008076,4686,4686,(I)14(R)3(I)5,0.8636363636363636,0.0,0.0,0.0,0.0,0.0,5.5,0.0,0.0,0.0,0.0,0.75,4.75,0.0,[]
23,,Wed Mar 31 21:53:32 EDT 2021,Node.java,1617242012972,6901,6901,(I)12,1.0,0.0,0.0,0.0,0.0,0.0,2.0,0.0,0.0,0.0,0.0,0.0,2.0,0.0,[]
24,,Wed Mar 31 21:53:40 EDT 2021,Node.java,1617242020505,13281,0,(I)5(R)1(I)2(R)1(I)12(R)1,0.8636363636363636,0.0,0.0,0.0,0.0,0.0,1.6923076923076923,0.0,0.0,0.0,0.0,0.23076923076923078,1.4615384615384615,0.0,[]
25,,Wed Mar 31 21:53:54 EDT 2021,Node.java,1617242034145,5415,5415,(I)17(R)1(I)4,0.9545454545454546,0.0,0.0,0.0,0.0,0.0,4.4,0.0,0.0,0.0,0.0,0.2,4.2,0.0,[]
26,,Wed Mar 31 21:53:58 EDT 2021,JavaExpressionParser.java,1617242038674,3399,3399,(I)21,1.0,0.0,0.0,0.0,0.0,0.0,7.0,0.0,0.0,0.0,0.0,0.0,7.0,0.0,[]
27,,Wed Mar 31 21:54:04 EDT 2021,JavaExpressionParser.java,1617242044788,24640,0,(I)7(F)6(I)9,0.7272727272727273,0.0,0.0,27.27272727272727,0.0,0.0,0.9166666666666666,0.0,0.0,0.25,0.0,0.0,0.6666666666666666,0.0,[]
28,,Wed Mar 31 21:54:29 EDT 2021,JavaExpressionParser.java,1617242069591,68893,0,(I)11(F)1(I)1(F)1(I)3(R)6(I)1,0.6666666666666666,0.0,0.0,8.333333333333332,0.0,0.0,0.35294117647058826,0.0,0.0,0.029411764705882353,0.0,0.08823529411764706,0.23529411764705882,0.0,[]
29,,Wed Mar 31 21:55:38 EDT 2021,JavaExpressionParser.java,1617242138485,159613,0,(I)17(R)3(F)2,0.7727272727272727,0.0,0.0,9.090909090909092,0.0,0.0,0.13836477987421383,0.0,0.0,0.012578616352201259,0.0,0.018867924528301886,0.1069182389937107,0.0,[]
30,,Wed Mar 31 21:58:18 EDT 2021,JavaExpressionParser.java,1617242298189,10489,0,(I)1(R)1(I)2(R)8(I)11(R)2,0.56,0.0,0.0,0.0,0.0,0.0,2.5,0.0,0.0,0.0,0.0,1.1,1.4,0.0,[]
31,,Wed Mar 31 21:58:28 EDT 2021,JavaExpressionParser.java,1617242308846,5746,5746,(R)2(I)9,0.8181818181818182,0.0,0.0,0.0,0.0,0.0,2.2,0.0,0.0,0.0,0.0,0.4,1.8,0.0,[]
32,,Wed Mar 31 21:58:34 EDT 2021,JavaExpressionParser.java,1617242314756,5358,5358,(I)3(R)2(I)2(R)2(I)2(R)1,0.5833333333333334,0.0,0.0,0.0,0.0,0.0,2.4,0.0,0.0,0.0,0.0,1.0,1.4,0.0,[]
33,,Wed Mar 31 21:58:40 EDT 2021,JavaExpressionParser.java,1617242320120,7627,7627,(R)1(I)2(R)2(I)5(R)3(I)4,0.6470588235294118,0.0,0.0,0.0,0.0,0.0,2.4285714285714284,0.0,0.0,0.0,0.0,0.8571428571428571,1.5714285714285714,0.0,[]
34,,Wed Mar 31 21:58:48 EDT 2021,JavaExpressionParser.java,1617242328110,11376,0,(I)21,1.0,0.0,0.0,0.0,0.0,0.0,1.9090909090909092,0.0,0.0,0.0,0.0,0.0,1.9090909090909092,0.0,[]
35,,Wed Mar 31 21:58:59 EDT 2021,JavaExpressionParser.java,1617242339501,9659,9659,(I)4(R)2(I)14,0.9,0.0,0.0,0.0,0.0,0.0,2.2222222222222223,0.0,0.0,0.0,0.0,0.2222222222222222,2.0,0.0,[]
36,,Wed Mar 31 21:59:14 EDT 2021,JavaExpressionParser.java,1617242354480,-3,-3,(I)23,1.0,0.0,0.0,0.0,0.0,0.0,0.0,0.0,0.0,0.0,0.0,null,0.0,0.0,[]
37,,Wed Mar 31 21:59:23 EDT 2021,JavaExpressionParser.java,1617242363840,14477,0,(I)13(R)2(I)6,0.9047619047619048,0.0,0.0,0.0,0.0,0.0,1.5,0.0,0.0,0.0,0.0,0.14285714285714285,1.3571428571428572,0.0,[]
38,,Wed Mar 31 21:59:39 EDT 2021,JavaExpressionParser.java,1617242379149,14812,0,(I)14(R)5(I)1,0.75,0.0,0.0,0.0,0.0,0.0,1.4285714285714286,0.0,0.0,0.0,0.0,0.35714285714285715,1.0714285714285714,0.0,[]
39,,Wed Mar 31 21:59:53 EDT 2021,JavaExpressionParser.java,1617242393456,10319,0,(I)22,1.0,0.0,0.0,0.0,0.0,0.0,2.2,0.0,0.0,0.0,0.0,0.0,2.2,0.0,[]
40,,Wed Mar 31 22:00:03 EDT 2021,JavaExpressionParser.java,1617242403819,24157,0,(I)21,1.0,0.0,0.0,0.0,0.0,0.0,0.875,0.0,0.0,0.0,0.0,0.0,0.875,0.0,[]
41,,Wed Mar 31 22:00:28 EDT 2021,JavaExpressionParser.java,1617242428874,-19915,-19915,(I)20,1.0,0.0,0.0,0.0,0.0,0.0,0.0,0.0,0.0,0.0,0.0,null,0.0,0.0,[]
42,,Wed Mar 31 22:00:29 EDT 2021,JavaExpressionParser.java,1617242429565,24148,0,(I)15(R)8,0.6521739130434783,0.0,0.0,0.0,0.0,0.0,0.9583333333333334,0.0,0.0,0.0,0.0,0.3333333333333333,0.625,0.0,[]
43,,Wed Mar 31 22:00:53 EDT 2021,JavaExpressionParser.java,1617242453855,4755,4755,(R)4(I)11(R)6(I)4,0.6,0.0,0.0,0.0,0.0,0.0,6.25,0.0,0.0,0.0,0.0,2.5,3.75,0.0,[]
44,,Wed Mar 31 22:00:58 EDT 2021,JavaExpressionParser.java,1617242458796,31552,0,(I)20,1.0,0.0,0.0,0.0,0.0,0.0,0.6451612903225806,0.0,0.0,0.0,0.0,0.0,0.6451612903225806,0.0,[]
45,,Wed Mar 31 22:01:30 EDT 2021,JavaExpressionParser.java,1617242490423,13195,0,(I)21,1.0,0.0,0.0,0.0,0.0,0.0,1.6153846153846154,0.0,0.0,0.0,0.0,0.0,1.6153846153846154,0.0,[]
46,,Wed Mar 31 22:01:44 EDT 2021,JavaExpressionParser.java,1617242504098,9956,9956,(I)3(R)1(I)1(R)9(I)9,0.5652173913043478,0.0,0.0,0.0,0.0,0.0,2.5555555555555554,0.0,0.0,0.0,0.0,1.1111111111111112,1.4444444444444444,0.0,[]
47,,Wed Mar 31 22:01:54 EDT 2021,JavaExpressionParser.java,1617242514747,11862,0,(I)20,1.0,0.0,0.0,0.0,0.0,0.0,1.8181818181818181,0.0,0.0,0.0,0.0,0.0,1.8181818181818181,0.0,[]
48,,Wed Mar 31 22:02:06 EDT 2021,JavaExpressionParser.java,1617242526714,8278,8278,(I)25,1.0,0.0,0.0,0.0,0.0,0.0,3.125,0.0,0.0,0.0,0.0,0.0,3.125,0.0,[]
49,,Wed Mar 31 22:02:15 EDT 2021,JavaExpressionParser.java,1617242535385,11472,0,(I)15,1.0,0.0,0.0,0.0,0.0,0.0,1.3636363636363635,0.0,0.0,0.0,0.0,0.0,1.3636363636363635,0.0,[]
50,,Wed Mar 31 22:02:28 EDT 2021,JavaExpressionParser.java,1617242548469,7910,7910,(I)13(R)2(I)3(F)1,0.8421052631578947,0.0,0.0,5.263157894736842,0.0,0.0,2.7142857142857144,0.0,0.0,0.14285714285714285,0.0,0.2857142857142857,2.2857142857142856,0.0,[]
51,,Wed Mar 31 22:03:04 EDT 2021,JavaExpressionParser.java,1617242584017,14114,0,(F)1(I)8(R)6(I)2(R)1(I)3,0.6190476190476191,0.0,0.0,4.761904761904762,0.0,0.0,1.5,0.0,0.0,0.07142857142857142,0.0,0.5,0.9285714285714286,0.0,[]
52,,Wed Mar 31 22:03:18 EDT 2021,JavaExpressionParser.java,1617242598215,-63295,-63295,(I)19,1.0,0.0,0.0,0.0,0.0,0.0,0.0,0.0,0.0,0.0,0.0,null,0.0,0.0,[]
53,,Wed Mar 31 22:02:18 EDT 2021,JavaExpressionParser.java,1617242538559,69497,0,(I)8(R)1(I)3(R)1(I)1(R)1(I)10,0.88,0.0,0.0,0.0,0.0,0.0,0.36231884057971014,0.0,0.0,0.0,0.0,0.043478260869565216,0.3188405797101449,0.0,[]
54,,Wed Mar 31 22:03:29 EDT 2021,JavaExpressionParser.java,1617242609683,10570,0,(I)11(R)3(I)4,0.8333333333333334,0.0,0.0,0.0,0.0,0.0,1.8,0.0,0.0,0.0,0.0,0.3,1.5,0.0,[]
55,,Wed Mar 31 22:03:40 EDT 2021,JavaExpressionParser.java,1617242620534,11166,0,(R)1(I)1(R)1(I)11(R)2(I)1,0.7647058823529411,0.0,0.0,0.0,0.0,0.0,1.5454545454545454,0.0,0.0,0.0,0.0,0.36363636363636365,1.1818181818181819,0.0,[]
56,,Wed Mar 31 22:03:51 EDT 2021,JavaExpressionParser.java,1617242631943,-246,-246,(I)11(R)1(I)2(R)1(I)1(R)1(I)3(R)1(I)1,0.8181818181818182,0.0,0.0,0.0,0.0,0.0,0.0,0.0,0.0,0.0,0.0,null,0.0,0.0,[]
57,,Wed Mar 31 22:03:57 EDT 2021,JavaExpressionParser.java,1617242637234,9209,9209,(I)8(R)4(I)8(R)1(I)4,0.8,0.0,0.0,0.0,0.0,0.0,2.7777777777777777,0.0,0.0,0.0,0.0,0.5555555555555556,2.2222222222222223,0.0,[]
58,,Wed Mar 31 22:04:07 EDT 2021,JavaExpressionParser.java,1617242647315,9144,9144,(R)4(I)21,0.84,0.0,0.0,0.0,0.0,0.0,2.7777777777777777,0.0,0.0,0.0,0.0,0.4444444444444444,2.3333333333333335,0.0,[]
59,,Wed Mar 31 22:04:16 EDT 2021,JavaExpressionParser.java,1617242656627,12551,0,(I)6(R)1(I)8(R)1(I)3,0.8947368421052632,0.0,0.0,0.0,0.0,0.0,1.5833333333333333,0.0,0.0,0.0,0.0,0.16666666666666666,1.4166666666666667,0.0,[]
60,,Wed Mar 31 22:04:29 EDT 2021,JavaExpressionParser.java,1617242669469,6392,6392,(I)23,1.0,0.0,0.0,0.0,0.0,0.0,3.8333333333333335,0.0,0.0,0.0,0.0,0.0,3.8333333333333335,0.0,[]
61,,Wed Mar 31 22:04:36 EDT 2021,JavaExpressionParser.java,1617242676013,7505,7505,(I)15(R)4(I)3,0.8181818181818182,0.0,0.0,0.0,0.0,0.0,3.142857142857143,0.0,0.0,0.0,0.0,0.5714285714285714,2.5714285714285716,0.0,[]
62,,Wed Mar 31 22:04:43 EDT 2021,JavaExpressionParser.java,1617242683836,5590,5590,(I)21,1.0,0.0,0.0,0.0,0.0,0.0,4.2,0.0,0.0,0.0,0.0,0.0,4.2,0.0,[]
63,,Wed Mar 31 22:04:49 EDT 2021,JavaExpressionParser.java,1617242689429,7666,7666,(I)1(R)1(I)17,0.9473684210526315,0.0,0.0,0.0,0.0,0.0,2.7142857142857144,0.0,0.0,0.0,0.0,0.14285714285714285,2.5714285714285716,0.0,[]
64,,Wed Mar 31 22:04:57 EDT 2021,Node.java,1617242697125,2013,2013,(I)8(R)1(I)13,0.9545454545454546,0.0,0.0,0.0,0.0,0.0,11.0,0.0,0.0,0.0,0.0,0.5,10.5,0.0,[]
65,,Wed Mar 31 22:05:00 EDT 2021,JavaExpressionParser.java,1617242700752,21691,0,(I)2(F)2(I)18,0.9090909090909091,0.0,0.0,9.090909090909092,0.0,0.0,1.0476190476190477,0.0,0.0,0.09523809523809523,0.0,0.0,0.9523809523809523,0.0,[]
66,,Wed Mar 31 22:05:28 EDT 2021,JavaExpressionParser.java,1617242728614,67672,0,(F)2(I)2(F)2(I)6(R)2(I)11,0.76,0.0,0.0,16.0,0.0,0.0,0.373134328358209,0.0,0.0,0.05970149253731343,0.0,0.029850746268656716,0.2835820895522388,0.0,[]
67,,Wed Mar 31 22:06:36 EDT 2021,JavaExpressionParser.java,1617242796379,9340,9340,(I)1(R)5(I)13(R)1(I)1(R)1(I)3,0.72,0.0,0.0,0.0,0.0,0.0,2.7777777777777777,0.0,0.0,0.0,0.0,0.7777777777777778,2.0,0.0,[]
68,,Wed Mar 31 22:06:43 EDT 2021,JavaExpressionParser.java,1617242803726,6278,6278,(I)24,1.0,0.0,0.0,0.0,0.0,0.0,4.0,0.0,0.0,0.0,0.0,0.0,4.0,0.0,[]
69,,Wed Mar 31 22:06:52 EDT 2021,JavaExpressionParser.java,1617242812504,8259,8259,(I)18,1.0,0.0,0.0,0.0,0.0,0.0,2.25,0.0,0.0,0.0,0.0,0.0,2.25,0.0,[]
70,,Wed Mar 31 22:07:00 EDT 2021,JavaExpressionParser.java,1617242820846,12701,0,(I)18,1.0,0.0,0.0,0.0,0.0,0.0,1.5,0.0,0.0,0.0,0.0,0.0,1.5,0.0,[]
71,,Wed Mar 31 22:07:13 EDT 2021,JavaExpressionParser.java,1617242833634,5887,5887,(I)25,1.0,0.0,0.0,0.0,0.0,0.0,5.0,0.0,0.0,0.0,0.0,0.0,5.0,0.0,[]
72,,Wed Mar 31 22:07:19 EDT 2021,JavaExpressionParser.java,1617242839582,6692,6692,(I)4(R)1(I)6(R)4(I)6,0.7619047619047619,0.0,0.0,0.0,0.0,0.0,3.5,0.0,0.0,0.0,0.0,0.8333333333333334,2.6666666666666665,0.0,[]
73,,Wed Mar 31 22:07:27 EDT 2021,JavaExpressionParser.java,1617242847840,6871,6871,(I)4(R)1(I)3(R)1(I)12,0.9047619047619048,0.0,0.0,0.0,0.0,0.0,3.5,0.0,0.0,0.0,0.0,0.3333333333333333,3.1666666666666665,0.0,[]
74,,Wed Mar 31 22:07:34 EDT 2021,JavaExpressionParser.java,1617242854828,17831,0,(I)3(F)2(I)10(R)3,0.7222222222222222,0.0,0.0,11.11111111111111,0.0,0.0,1.0588235294117647,0.0,0.0,0.11764705882352941,0.0,0.17647058823529413,0.7647058823529411,0.0,[]
75,,Wed Mar 31 22:07:53 EDT 2021,JavaExpressionParser.java,1617242873102,6415,6415,(I)14(R)2(I)4,0.9,0.0,0.0,0.0,0.0,0.0,3.3333333333333335,0.0,0.0,0.0,0.0,0.3333333333333333,3.0,0.0,[]
76,,Wed Mar 31 22:07:59 EDT 2021,JavaExpressionParser.java,1617242879808,7025,7025,(I)1(R)2(I)17,0.9,0.0,0.0,0.0,0.0,0.0,2.857142857142857,0.0,0.0,0.0,0.0,0.2857142857142857,2.5714285714285716,0.0,[]
77,,Wed Mar 31 22:08:07 EDT 2021,JavaExpressionParser.java,1617242887240,7008,7008,(I)6(R)4(I)3(R)5(I)1,0.5263157894736842,0.0,0.0,0.0,0.0,0.0,2.7142857142857144,0.0,0.0,0.0,0.0,1.2857142857142858,1.4285714285714286,0.0,[]
78,,Wed Mar 31 22:08:14 EDT 2021,JavaExpressionParser.java,1617242894280,-2038,-2038,(I)3(R)1(I)3(R)1(I)1(R)1(I)3(R)1(I)3(R)1(I)1(R)1,0.7,0.0,0.0,0.0,0.0,0.0,0.0,0.0,0.0,0.0,0.0,null,0.0,0.0,[]
79,,Wed Mar 31 22:08:13 EDT 2021,JavaExpressionParser.java,1617242893289,17828,0,(I)23(R)1(I)1,0.96,0.0,0.0,0.0,0.0,0.0,1.4705882352941178,0.0,0.0,0.0,0.0,0.058823529411764705,1.411764705882353,0.0,[]
80,,Wed Mar 31 22:08:26 EDT 2021,JavaExpressionParser.java,1617242906768,10534,0,(I)9(R)1(I)10,0.95,0.0,0.0,0.0,0.0,0.0,2.0,0.0,0.0,0.0,0.0,0.1,1.9,0.0,[]
81,,Wed Mar 31 22:08:37 EDT 2021,JavaExpressionParser.java,1617242917318,13761,0,(I)14(R)1(I)1(R)1(I)6,0.9130434782608695,0.0,0.0,0.0,0.0,0.0,1.7692307692307692,0.0,0.0,0.0,0.0,0.15384615384615385,1.6153846153846154,0.0,[]
82,,Wed Mar 31 22:08:51 EDT 2021,JavaExpressionParser.java,1617242931750,20819,0,(I)14(R)3,0.8235294117647058,0.0,0.0,0.0,0.0,0.0,0.85,0.0,0.0,0.0,0.0,0.15,0.7,0.0,[]
83,,Wed Mar 31 22:09:12 EDT 2021,JavaExpressionParser.java,1617242952705,8377,8377,(R)2(I)1(R)1(I)15(R)4(I)2,0.72,0.0,0.0,0.0,0.0,0.0,3.125,0.0,0.0,0.0,0.0,0.875,2.25,0.0,[]
84,,Wed Mar 31 22:09:21 EDT 2021,JavaExpressionParser.java,1617242961144,6545,6545,(I)24,1.0,0.0,0.0,0.0,0.0,0.0,4.0,0.0,0.0,0.0,0.0,0.0,4.0,0.0,[]
85,,Wed Mar 31 22:09:28 EDT 2021,JavaExpressionParser.java,1617242968352,8377,8377,(I)10,1.0,0.0,0.0,0.0,0.0,0.0,1.25,0.0,0.0,0.0,0.0,0.0,1.25,0.0,[]
86,,Wed Mar 31 22:09:37 EDT 2021,JavaExpressionParser.java,1617242977015,7853,7853,(I)9(R)1(I)10(R)2(I)1,0.8695652173913043,0.0,0.0,0.0,0.0,0.0,3.2857142857142856,0.0,0.0,0.0,0.0,0.42857142857142855,2.857142857142857,0.0,[]
87,,Wed Mar 31 22:09:45 EDT 2021,JavaExpressionParser.java,1617242985131,10599,0,(I)5(R)1(I)3(R)1(I)12,0.9090909090909091,0.0,0.0,0.0,0.0,0.0,2.2,0.0,0.0,0.0,0.0,0.2,2.0,0.0,[]
88,,Wed Mar 31 22:09:56 EDT 2021,JavaExpressionParser.java,1617242996896,8193,8193,(I)20,1.0,0.0,0.0,0.0,0.0,0.0,2.5,0.0,0.0,0.0,0.0,0.0,2.5,0.0,[]
89,,Wed Mar 31 22:10:05 EDT 2021,JavaExpressionParser.java,1617243005306,14348,0,(I)22(R)2,0.9166666666666666,0.0,0.0,0.0,0.0,0.0,1.7142857142857142,0.0,0.0,0.0,0.0,0.14285714285714285,1.5714285714285714,0.0,[]
90,,Wed Mar 31 22:10:19 EDT 2021,JavaExpressionParser.java,1617243019808,6983,6983,(R)3(I)19,0.8636363636363636,0.0,0.0,0.0,0.0,0.0,3.6666666666666665,0.0,0.0,0.0,0.0,0.5,3.1666666666666665,0.0,[]
91,,Wed Mar 31 22:10:27 EDT 2021,JavaExpressionParser.java,1617243027095,22132,0,(I)8(R)4(I)10,0.8181818181818182,0.0,0.0,0.0,0.0,0.0,1.0,0.0,0.0,0.0,0.0,0.18181818181818182,0.8181818181818182,0.0,[]
92,,Wed Mar 31 22:10:50 EDT 2021,JavaExpressionParser.java,1617243050431,6577,6577,(I)9,1.0,0.0,0.0,0.0,0.0,0.0,1.5,0.0,0.0,0.0,0.0,0.0,1.5,0.0,[]
93,,Wed Mar 31 22:10:57 EDT 2021,JavaExpressionParser.java,1617243057039,4314,4314,(I)14,1.0,0.0,0.0,0.0,0.0,0.0,3.5,0.0,0.0,0.0,0.0,0.0,3.5,0.0,[]
94,,Wed Mar 31 22:11:01 EDT 2021,JavaExpressionParser.java,1617243061636,16664,0,(I)19,1.0,0.0,0.0,0.0,0.0,0.0,1.1875,0.0,0.0,0.0,0.0,0.0,1.1875,0.0,[]
95,,Wed Mar 31 22:10:57 EDT 2021,JavaExpressionParser.java,1617243057817,29097,0,(I)5(R)3(I)11,0.8421052631578947,0.0,0.0,0.0,0.0,0.0,0.6551724137931034,0.0,0.0,0.0,0.0,0.10344827586206896,0.5517241379310345,0.0,[]
96,,Wed Mar 31 22:11:26 EDT 2021,JavaExpressionParser.java,1617243086168,22494,0,(I)17,1.0,0.0,0.0,0.0,0.0,0.0,0.7727272727272727,0.0,0.0,0.0,0.0,0.0,0.7727272727272727,0.0,[]
97,,Wed Mar 31 22:11:48 EDT 2021,JavaExpressionParser.java,1617243108816,5027,5027,(I)3(R)7(I)15,0.72,0.0,0.0,0.0,0.0,0.0,5.0,0.0,0.0,0.0,0.0,1.4,3.6,0.0,[]
98,,Wed Mar 31 22:11:54 EDT 2021,JavaExpressionParser.java,1617243114311,8301,8301,(I)4(R)1(I)16,0.9523809523809523,0.0,0.0,0.0,0.0,0.0,2.625,0.0,0.0,0.0,0.0,0.125,2.5,0.0,[]
99,,Wed Mar 31 22:12:02 EDT 2021,JavaExpressionParser.java,1617243122965,14253,0,(I)19(R)1(I)1(R)1,0.9090909090909091,0.0,0.0,0.0,0.0,0.0,1.5714285714285714,0.0,0.0,0.0,0.0,0.14285714285714285,1.4285714285714286,0.0,[]
100,,Wed Mar 31 22:12:17 EDT 2021,JavaExpressionParser.java,1617243137922,12345,0,(I)20,1.0,0.0,0.0,0.0,0.0,0.0,1.6666666666666667,0.0,0.0,0.0,0.0,0.0,1.6666666666666667,0.0,[]
101,,Wed Mar 31 22:12:30 EDT 2021,JavaExpressionParser.java,1617243150821,13047,0,(R)1(I)5(R)1(I)12,0.8947368421052632,0.0,0.0,0.0,0.0,0.0,1.4615384615384615,0.0,0.0,0.0,0.0,0.15384615384615385,1.3076923076923077,0.0,[]
102,,Wed Mar 31 22:12:44 EDT 2021,JavaExpressionParser.java,1617243164487,8394,8394,(I)2(R)3(I)9,0.7857142857142857,0.0,0.0,0.0,0.0,0.0,1.75,0.0,0.0,0.0,0.0,0.375,1.375,0.0,[]
103,,Wed Mar 31 22:12:53 EDT 2021,JavaExpressionParser.java,1617243173038,21040,0,(I)8(R)1(I)12,0.9523809523809523,0.0,0.0,0.0,0.0,0.0,1.0,0.0,0.0,0.0,0.0,0.047619047619047616,0.9523809523809523,0.0,[]
104,,Wed Mar 31 22:13:15 EDT 2021,JavaExpressionParser.java,1617243195534,-21915,-21915,(I)7(R)1(I)9(R)1(I)2,0.9,0.0,0.0,0.0,0.0,0.0,0.0,0.0,0.0,0.0,0.0,null,0.0,0.0,[]
105,,Wed Mar 31 22:13:02 EDT 2021,JavaExpressionParser.java,1617243182829,36785,0,(R)1(I)20(R)1,0.9090909090909091,0.0,0.0,0.0,0.0,0.0,0.6111111111111112,0.0,0.0,0.0,0.0,0.05555555555555555,0.5555555555555556,0.0,[]
106,,Wed Mar 31 22:13:39 EDT 2021,JavaExpressionParser.java,1617243219616,9025,9025,(R)1(I)20,0.9523809523809523,0.0,0.0,0.0,0.0,0.0,2.3333333333333335,0.0,0.0,0.0,0.0,0.1111111111111111,2.2222222222222223,0.0,[]
107,,Wed Mar 31 22:13:49 EDT 2021,JavaExpressionParser.java,1617243229561,14944,0,(I)19,1.0,0.0,0.0,0.0,0.0,0.0,1.3571428571428572,0.0,0.0,0.0,0.0,0.0,1.3571428571428572,0.0,[]
108,,Wed Mar 31 22:14:05 EDT 2021,JavaExpressionParser.java,1617243245076,11706,0,(R)1(I)1(R)1(I)1(R)1(I)1(R)1(I)2(R)1(I)1(R)1(I)1(R)1(I)1(R)1(I)1(R)1(I)1(R)1(I)1(R)1,0.5,0.0,0.0,0.0,0.0,0.0,2.0,0.0,0.0,0.0,0.0,1.0,1.0,0.0,[]
109,,Wed Mar 31 22:14:17 EDT 2021,JavaExpressionParser.java,1617243257547,-12475,-12475,(I)1(R)1(I)1(R)1(I)1(R)1(I)1(R)1(I)1(R)1(I)3(F)1(I)1(R)1(I)2(R)1,0.5789473684210527,0.0,0.0,5.263157894736842,0.0,0.0,0.0,0.0,0.0,0.0,0.0,null,0.0,0.0,[]
110,,Wed Mar 31 22:14:06 EDT 2021,JavaExpressionParser.java,1617243246205,50233,0,(R)15(I)1(F)1(I)8,0.36,0.0,0.0,4.0,0.0,0.0,0.5,0.0,0.0,0.02,0.0,0.3,0.18,0.0,[]
111,,Wed Mar 31 22:14:56 EDT 2021,JavaExpressionParser.java,1617243296527,10542,0,(I)25,1.0,0.0,0.0,0.0,0.0,0.0,2.5,0.0,0.0,0.0,0.0,0.0,2.5,0.0,[]
112,,Wed Mar 31 22:15:07 EDT 2021,JavaExpressionParser.java,1617243307819,10919,0,(I)18,1.0,0.0,0.0,0.0,0.0,0.0,1.8,0.0,0.0,0.0,0.0,0.0,1.8,0.0,[]
113,,Wed Mar 31 22:15:18 EDT 2021,JavaExpressionParser.java,1617243318818,20311,0,(I)15,1.0,0.0,0.0,0.0,0.0,0.0,0.75,0.0,0.0,0.0,0.0,0.0,0.75,0.0,[]
114,,Wed Mar 31 22:15:39 EDT 2021,JavaExpressionParser.java,1617243339785,18920,0,(I)7(F)2(I)6(R)1(I)3,0.8421052631578947,0.0,0.0,10.526315789473683,0.0,0.0,1.0555555555555556,0.0,0.0,0.1111111111111111,0.0,0.05555555555555555,0.8888888888888888,0.0,[]
115,,Wed Mar 31 22:15:58 EDT 2021,JavaExpressionParser.java,1617243358844,24003,0,(I)10(R)1(I)11,0.9545454545454546,0.0,0.0,0.0,0.0,0.0,0.9166666666666666,0.0,0.0,0.0,0.0,0.041666666666666664,0.875,0.0,[]
116,,Wed Mar 31 22:16:23 EDT 2021,JavaExpressionParser.java,1617243383072,28443,0,(I)11(R)1(I)3(R)1(I)3,0.8947368421052632,0.0,0.0,0.0,0.0,0.0,0.6785714285714286,0.0,0.0,0.0,0.0,0.07142857142857142,0.6071428571428571,0.0,[]
117,,Wed Mar 31 22:16:51 EDT 2021,JavaExpressionParser.java,1617243411736,22392,0,(I)13(R)2(I)4,0.8947368421052632,0.0,0.0,0.0,0.0,0.0,0.8636363636363636,0.0,0.0,0.0,0.0,0.09090909090909091,0.7727272727272727,0.0,[]
118,,Wed Mar 31 22:17:14 EDT 2021,JavaExpressionParser.java,1617243434428,12209,0,(I)20,1.0,0.0,0.0,0.0,0.0,0.0,1.6666666666666667,0.0,0.0,0.0,0.0,0.0,1.6666666666666667,0.0,[]
119,,Wed Mar 31 22:17:26 EDT 2021,JavaExpressionParser.java,1617243446652,12888,0,(I)21,1.0,0.0,0.0,0.0,0.0,0.0,1.75,0.0,0.0,0.0,0.0,0.0,1.75,0.0,[]
120,,Wed Mar 31 22:17:39 EDT 2021,JavaExpressionParser.java,1617243459932,9079,9079,(I)10(R)1(I)10(R)1,0.9090909090909091,0.0,0.0,0.0,0.0,0.0,2.4444444444444446,0.0,0.0,0.0,0.0,0.2222222222222222,2.2222222222222223,0.0,[]
121,,Wed Mar 31 22:17:49 EDT 2021,JavaExpressionParser.java,1617243469349,10967,0,(R)1(I)9(R)3(I)9,0.8181818181818182,0.0,0.0,0.0,0.0,0.0,2.2,0.0,0.0,0.0,0.0,0.4,1.8,0.0,[]
122,,Wed Mar 31 22:18:00 EDT 2021,JavaExpressionParser.java,1617243480419,5728,5728,(I)5(R)1(I)1(R)1(I)13(R)4,0.76,0.0,0.0,0.0,0.0,0.0,5.0,0.0,0.0,0.0,0.0,1.2,3.8,0.0,[]
123,,Wed Mar 31 22:18:06 EDT 2021,JavaExpressionParser.java,1617243486281,7840,7840,(R)3(I)8(R)2(I)4(R)2(I)3,0.6818181818181818,0.0,0.0,0.0,0.0,0.0,3.142857142857143,0.0,0.0,0.0,0.0,1.0,2.142857142857143,0.0,[]
124,,Wed Mar 31 22:18:14 EDT 2021,JavaExpressionParser.java,1617243494311,6959,6959,(I)3(R)2(I)10(R)2,0.7647058823529411,0.0,0.0,0.0,0.0,0.0,2.8333333333333335,0.0,0.0,0.0,0.0,0.6666666666666666,2.1666666666666665,0.0,[]
125,,Wed Mar 31 22:18:21 EDT 2021,JavaExpressionParser.java,1617243501583,10842,0,(I)3(R)1(F)1(I)1(R)1(I)1(R)1(F)1(I)9,0.7368421052631579,0.0,0.0,10.526315789473683,0.0,0.0,1.9,0.0,0.0,0.2,0.0,0.3,1.4,0.0,[]
126,,Wed Mar 31 22:18:32 EDT 2021,JavaExpressionParser.java,1617243512938,13150,0,(I)15(F)1,0.9375,0.0,0.0,6.25,0.0,0.0,1.2307692307692308,0.0,0.0,0.07692307692307693,0.0,0.0,1.1538461538461537,0.0,[]
127,,Wed Mar 31 22:19:26 EDT 2021,JavaExpressionParser.java,1617243566994,5589,5589,(F)1(I)7(F)2(I)12,0.8636363636363636,0.0,0.0,13.636363636363635,0.0,0.0,4.4,0.0,0.0,0.6,0.0,0.0,3.8,0.0,[]
128,,Wed Mar 31 22:19:33 EDT 2021,JavaExpressionParser.java,1617243573374,10607,0,(I)23,1.0,0.0,0.0,0.0,0.0,0.0,2.3,0.0,0.0,0.0,0.0,0.0,2.3,0.0,[]
129,,Wed Mar 31 22:19:44 EDT 2021,JavaExpressionParser.java,1617243584155,4278,4278,(I)8(R)3(I)6(R)4(I)1(R)1(I)1,0.6666666666666666,0.0,0.0,0.0,0.0,0.0,6.0,0.0,0.0,0.0,0.0,2.0,4.0,0.0,[]
130,,Wed Mar 31 22:19:50 EDT 2021,JavaExpressionParser.java,1617243590175,8041,8041,(R)4(I)14,0.7777777777777778,0.0,0.0,0.0,0.0,0.0,2.25,0.0,0.0,0.0,0.0,0.5,1.75,0.0,[]
131,,Wed Mar 31 22:19:58 EDT 2021,JavaExpressionParser.java,1617243598351,6909,6909,(I)23,1.0,0.0,0.0,0.0,0.0,0.0,3.8333333333333335,0.0,0.0,0.0,0.0,0.0,3.8333333333333335,0.0,[]
132,,Wed Mar 31 22:20:06 EDT 2021,JavaExpressionParser.java,1617243606257,8676,8676,(I)23,1.0,0.0,0.0,0.0,0.0,0.0,2.875,0.0,0.0,0.0,0.0,0.0,2.875,0.0,[]
133,,Wed Mar 31 22:20:14 EDT 2021,JavaExpressionParser.java,1617243614986,8404,8404,(I)5(R)4(I)4(R)2,0.6,0.0,0.0,0.0,0.0,0.0,1.875,0.0,0.0,0.0,0.0,0.75,1.125,0.0,[]
134,,Wed Mar 31 22:20:23 EDT 2021,JavaExpressionParser.java,1617243623531,6015,6015,(R)1(I)4(R)1(I)2(R)1(I)9,0.8333333333333334,0.0,0.0,0.0,0.0,0.0,3.0,0.0,0.0,0.0,0.0,0.5,2.5,0.0,[]
135,,Wed Mar 31 22:20:29 EDT 2021,JavaExpressionParser.java,1617243629709,3359,3359,(R)4(I)9(F)1(I)1,0.6666666666666666,0.0,0.0,6.666666666666667,0.0,0.0,5.0,0.0,0.0,0.3333333333333333,0.0,1.3333333333333333,3.3333333333333335,0.0,[]
136,,Wed Mar 31 22:20:43 EDT 2021,JavaExpressionParser.java,1617243643530,23206,0,(F)1(I)2(R)3(I)19,0.84,0.0,0.0,4.0,0.0,0.0,1.0869565217391304,0.0,0.0,0.043478260869565216,0.0,0.13043478260869565,0.9130434782608695,0.0,[]
137,,Wed Mar 31 22:21:06 EDT 2021,JavaExpressionParser.java,1617243666892,8666,8666,(I)3(R)4(I)15,0.8181818181818182,0.0,0.0,0.0,0.0,0.0,2.75,0.0,0.0,0.0,0.0,0.5,2.25,0.0,[]
138,,Wed Mar 31 22:21:15 EDT 2021,JavaExpressionParser.java,1617243675785,5654,5654,(I)11(R)2(I)1,0.8571428571428571,0.0,0.0,0.0,0.0,0.0,2.8,0.0,0.0,0.0,0.0,0.4,2.4,0.0,[]
139,,Wed Mar 31 22:21:20 EDT 2021,JavaExpressionParser.java,1617243680814,11281,0,(I)18(R)3,0.8571428571428571,0.0,0.0,0.0,0.0,0.0,1.9090909090909092,0.0,0.0,0.0,0.0,0.2727272727272727,1.6363636363636365,0.0,[]
140,,Wed Mar 31 22:21:32 EDT 2021,JavaExpressionParser.java,1617243692244,5957,5957,(R)1(I)1(R)2(I)13(R)2(I)6,0.8,0.0,0.0,0.0,0.0,0.0,5.0,0.0,0.0,0.0,0.0,1.0,4.0,0.0,[]
141,,Wed Mar 31 22:21:38 EDT 2021,JavaExpressionParser.java,1617243698729,31664,0,(I)3(F)2(I)2(F)1(I)2(F)1(I)9,0.8,0.0,0.0,20.0,0.0,0.0,0.6451612903225806,0.0,0.0,0.12903225806451613,0.0,0.0,0.5161290322580645,0.0,[]
142,,Wed Mar 31 22:22:11 EDT 2021,JavaExpressionParser.java,1617243731302,15249,0,(I)9,1.0,0.0,0.0,0.0,0.0,0.0,0.6,0.0,0.0,0.0,0.0,0.0,0.6,0.0,[]
143,,Wed Mar 31 22:22:27 EDT 2021,JavaExpressionParser.java,1617243747178,18599,0,(I)3(F)2(I)2(R)1(I)1(F)2(I)3,0.6428571428571429,0.0,0.0,28.57142857142857,0.0,0.0,0.7777777777777778,0.0,0.0,0.2222222222222222,0.0,0.05555555555555555,0.5,0.0,[]
144,,Wed Mar 31 22:22:26 EDT 2021,JavaExpressionParser.java,1617243746041,28514,0,(I)2(R)1(I)1(R)1(I)3(R)1(I)8(R)6(I)2,0.64,0.0,0.0,0.0,0.0,0.0,0.8928571428571429,0.0,0.0,0.0,0.0,0.32142857142857145,0.5714285714285714,0.0,[]
145,,Wed Mar 31 22:22:54 EDT 2021,JavaExpressionParser.java,1617243774716,9994,9994,(I)22,1.0,0.0,0.0,0.0,0.0,0.0,2.4444444444444446,0.0,0.0,0.0,0.0,0.0,2.4444444444444446,0.0,[]
146,,Wed Mar 31 22:23:05 EDT 2021,JavaExpressionParser.java,1617243785049,45597,0,(I)1(R)1(I)5(F)2(R)1(I)1(R)1(I)5(R)2,0.631578947368421,0.0,0.0,10.526315789473683,0.0,0.0,0.4222222222222222,0.0,0.0,0.044444444444444446,0.0,0.1111111111111111,0.26666666666666666,0.0,[]
147,,Wed Mar 31 22:23:50 EDT 2021,JavaExpressionParser.java,1617243830949,41701,0,(I)2(R)1(I)10(F)2(I)1(R)5,0.6190476190476191,0.0,0.0,9.523809523809524,0.0,0.0,0.5121951219512195,0.0,0.0,0.04878048780487805,0.0,0.14634146341463414,0.3170731707317073,0.0,[]
148,,Wed Mar 31 22:24:32 EDT 2021,JavaExpressionParser.java,1617243872816,3915,3915,(R)1(I)16(R)1(I)6,0.9166666666666666,0.0,0.0,0.0,0.0,0.0,8.0,0.0,0.0,0.0,0.0,0.6666666666666666,7.333333333333333,0.0,[]
149,,Wed Mar 31 22:24:37 EDT 2021,JavaExpressionParser.java,1617243877013,11310,0,(I)20(R)1,0.9523809523809523,0.0,0.0,0.0,0.0,0.0,1.9090909090909092,0.0,0.0,0.0,0.0,0.09090909090909091,1.8181818181818181,0.0,[]
150,,Wed Mar 31 22:24:49 EDT 2021,JavaExpressionParser.java,1617243889405,4696,4696,(I)10(R)4(I)4,0.7777777777777778,0.0,0.0,0.0,0.0,0.0,4.5,0.0,0.0,0.0,0.0,1.0,3.5,0.0,[]
151,,Wed Mar 31 22:24:54 EDT 2021,JavaExpressionParser.java,1617243894346,3789,3789,(I)15,1.0,0.0,0.0,0.0,0.0,0.0,5.0,0.0,0.0,0.0,0.0,0.0,5.0,0.0,[]
152,,Wed Mar 31 22:24:59 EDT 2021,JavaExpressionParser.java,1617243899320,15951,0,(I)11(R)2(I)9,0.9090909090909091,0.0,0.0,0.0,0.0,0.0,1.4666666666666666,0.0,0.0,0.0,0.0,0.13333333333333333,1.3333333333333333,0.0,[]
153,,Wed Mar 31 22:25:15 EDT 2021,JavaExpressionParser.java,1617243915484,7847,7847,(I)14(R)1(I)9,0.9583333333333334,0.0,0.0,0.0,0.0,0.0,3.4285714285714284,0.0,0.0,0.0,0.0,0.14285714285714285,3.2857142857142856,0.0,[]
154,,Wed Mar 31 22:25:23 EDT 2021,JavaExpressionParser.java,1617243923409,5592,5592,(I)4(R)1(I)2(R)1(I)12,0.9,0.0,0.0,0.0,0.0,0.0,4.0,0.0,0.0,0.0,0.0,0.4,3.6,0.0,[]
155,,Wed Mar 31 22:25:29 EDT 2021,JavaExpressionParser.java,1617243929229,5891,5891,(I)5(R)2(I)2(R)3(I)2,0.6428571428571429,0.0,0.0,0.0,0.0,0.0,2.8,0.0,0.0,0.0,0.0,1.0,1.8,0.0,[]
156,,Wed Mar 31 22:25:37 EDT 2021,JavaExpressionParser.java,1617243937931,62986,0,(F)4(I)21,0.84,0.0,0.0,16.0,0.0,0.0,0.4032258064516129,0.0,0.0,0.06451612903225806,0.0,0.0,0.3387096774193548,0.0,[]
157,,Wed Mar 31 22:26:41 EDT 2021,JavaExpressionParser.java,1617244001660,7982,7982,(I)4(R)1(I)16,0.9523809523809523,0.0,0.0,0.0,0.0,0.0,3.0,0.0,0.0,0.0,0.0,0.14285714285714285,2.857142857142857,0.0,[]
158,,Wed Mar 31 22:26:51 EDT 2021,JavaExpressionParser.java,1617244011659,12919,0,(I)1(R)1(I)16(R)3(I)1,0.8181818181818182,0.0,0.0,0.0,0.0,0.0,1.8333333333333333,0.0,0.0,0.0,0.0,0.3333333333333333,1.5,0.0,[]
159,,Wed Mar 31 22:27:04 EDT 2021,JavaExpressionParser.java,1617244024666,8351,8351,(I)2(R)1(I)2(R)2(I)14,0.8571428571428571,0.0,0.0,0.0,0.0,0.0,2.625,0.0,0.0,0.0,0.0,0.375,2.25,0.0,[]
160,,Wed Mar 31 22:27:16 EDT 2021,JavaExpressionParser.java,1617244036010,35472,0,(I)9(F)2(I)7,0.8888888888888888,0.0,0.0,11.11111111111111,0.0,0.0,0.5142857142857142,0.0,0.0,0.05714285714285714,0.0,0.0,0.45714285714285713,0.0,[]
161,,Wed Mar 31 22:27:51 EDT 2021,JavaExpressionParser.java,1617244071596,-35051,-35051,(I)7(R)1(I)11,0.9473684210526315,0.0,0.0,0.0,0.0,0.0,0.0,0.0,0.0,0.0,0.0,null,0.0,0.0,[]
162,,Wed Mar 31 22:27:18 EDT 2021,JavaExpressionParser.java,1617244038647,53108,0,(I)4(R)1(I)19,0.9583333333333334,0.0,0.0,0.0,0.0,0.0,0.4528301886792453,0.0,0.0,0.0,0.0,0.018867924528301886,0.4339622641509434,0.0,[]
163,,Wed Mar 31 22:28:11 EDT 2021,JavaExpressionParser.java,1617244091941,20414,0,(I)7(R)1(I)2(R)1(I)3(R)1(I)8,0.8695652173913043,0.0,0.0,0.0,0.0,0.0,1.15,0.0,0.0,0.0,0.0,0.15,1.0,0.0,[]
164,,Wed Mar 31 22:28:32 EDT 2021,JavaExpressionParser.java,1617244112373,7877,7877,(I)24,1.0,0.0,0.0,0.0,0.0,0.0,3.4285714285714284,0.0,0.0,0.0,0.0,0.0,3.4285714285714284,0.0,[]
165,,Wed Mar 31 22:28:40 EDT 2021,JavaExpressionParser.java,1617244120273,4672,4672,(I)17(R)1(I)5,0.9565217391304348,0.0,0.0,0.0,0.0,0.0,5.75,0.0,0.0,0.0,0.0,0.25,5.5,0.0,[]
166,,Wed Mar 31 22:28:45 EDT 2021,JavaExpressionParser.java,1617244125183,9897,9897,(I)4(R)3(I)9(R)5,0.6190476190476191,0.0,0.0,0.0,0.0,0.0,2.3333333333333335,0.0,0.0,0.0,0.0,0.8888888888888888,1.4444444444444444,0.0,[]
167,,Wed Mar 31 22:28:55 EDT 2021,JavaExpressionParser.java,1617244135398,5228,5228,(I)2(R)2(I)8(R)2(I)7,0.8095238095238095,0.0,0.0,0.0,0.0,0.0,4.2,0.0,0.0,0.0,0.0,0.8,3.4,0.0,[]
168,,Wed Mar 31 22:29:01 EDT 2021,JavaExpressionParser.java,1617244141607,5560,5560,(I)8(R)2(I)8,0.8888888888888888,0.0,0.0,0.0,0.0,0.0,3.6,0.0,0.0,0.0,0.0,0.4,3.2,0.0,[]
169,,Wed Mar 31 22:29:07 EDT 2021,JavaExpressionParser.java,1617244147345,5061,5061,(I)6(R)3(I)10,0.8421052631578947,0.0,0.0,0.0,0.0,0.0,3.8,0.0,0.0,0.0,0.0,0.6,3.2,0.0,[]
170,,Wed Mar 31 22:29:13 EDT 2021,JavaExpressionParser.java,1617244153149,7867,7867,(I)5(R)2(I)17,0.9166666666666666,0.0,0.0,0.0,0.0,0.0,3.4285714285714284,0.0,0.0,0.0,0.0,0.2857142857142857,3.142857142857143,0.0,[]
171,,Wed Mar 31 22:29:21 EDT 2021,JavaExpressionParser.java,1617244161231,6200,6200,(I)6(R)1(I)15,0.9545454545454546,0.0,0.0,0.0,0.0,0.0,3.6666666666666665,0.0,0.0,0.0,0.0,0.16666666666666666,3.5,0.0,[]
172,,Wed Mar 31 22:29:27 EDT 2021,JavaExpressionParser.java,1617244167542,9623,9623,(I)3(R)3(I)2(R)2(I)6(R)1(I)1(R)1(I)3,0.6818181818181818,0.0,0.0,0.0,0.0,0.0,2.4444444444444446,0.0,0.0,0.0,0.0,0.7777777777777778,1.6666666666666667,0.0,[]
173,,Wed Mar 31 22:29:37 EDT 2021,JavaExpressionParser.java,1617244177479,5867,5867,(I)20,1.0,0.0,0.0,0.0,0.0,0.0,4.0,0.0,0.0,0.0,0.0,0.0,4.0,0.0,[]
174,,Wed Mar 31 22:29:38 EDT 2021,JavaExpressionParser.java,1617244178163,16567,0,(I)3(R)1(I)2(R)1(I)6(R)2(I)3,0.7777777777777778,0.0,0.0,0.0,0.0,0.0,1.125,0.0,0.0,0.0,0.0,0.25,0.875,0.0,[]
175,,Wed Mar 31 22:29:55 EDT 2021,JavaExpressionParser.java,1617244195027,5285,5285,(I)15,1.0,0.0,0.0,0.0,0.0,0.0,3.0,0.0,0.0,0.0,0.0,0.0,3.0,0.0,[]
176,,Wed Mar 31 22:30:00 EDT 2021,JavaExpressionParser.java,1617244200585,4613,4613,(I)14(R)1(I)4,0.9473684210526315,0.0,0.0,0.0,0.0,0.0,4.75,0.0,0.0,0.0,0.0,0.25,4.5,0.0,[]
177,,Wed Mar 31 22:30:06 EDT 2021,JavaExpressionParser.java,1617244206959,6965,6965,(I)8(R)1(I)3(R)1(I)2(R)5,0.65,0.0,0.0,0.0,0.0,0.0,3.3333333333333335,0.0,0.0,0.0,0.0,1.1666666666666667,2.1666666666666665,0.0,[]
178,,Wed Mar 31 22:30:19 EDT 2021,JavaExpressionParser.java,1617244219095,9192,9192,(I)19,1.0,0.0,0.0,0.0,0.0,0.0,2.111111111111111,0.0,0.0,0.0,0.0,0.0,2.111111111111111,0.0,[]
179,,Wed Mar 31 22:30:28 EDT 2021,JavaExpressionParser.java,1617244228291,13436,0,(I)2(R)2(I)12,0.875,0.0,0.0,0.0,0.0,0.0,1.2307692307692308,0.0,0.0,0.0,0.0,0.15384615384615385,1.0769230769230769,0.0,[]
180,,Wed Mar 31 22:30:42 EDT 2021,JavaExpressionParser.java,1617244242158,7932,7932,(I)6(R)2(I)15(F)2,0.84,0.0,0.0,8.0,0.0,0.0,3.5714285714285716,0.0,0.0,0.2857142857142857,0.0,0.2857142857142857,3.0,0.0,[]
181,,Wed Mar 31 22:30:50 EDT 2021,JavaExpressionParser.java,1617244250107,5628,5628,(D)1(I)9(R)1(I)4(R)1(I)6,0.8636363636363636,4.545454545454546,0.0,0.0,0.0,0.0,4.4,0.0,0.2,0.0,0.0,0.4,3.8,0.0,[]
182,,Wed Mar 31 22:30:56 EDT 2021,JavaExpressionParser.java,1617244256156,12883,0,(I)1(R)5(I)15,0.7619047619047619,0.0,0.0,0.0,0.0,0.0,1.75,0.0,0.0,0.0,0.0,0.4166666666666667,1.3333333333333333,0.0,[]
183,,Wed Mar 31 22:31:09 EDT 2021,JavaExpressionParser.java,1617244269074,10822,0,(I)16,1.0,0.0,0.0,0.0,0.0,0.0,1.6,0.0,0.0,0.0,0.0,0.0,1.6,0.0,[]
184,,Wed Mar 31 22:31:22 EDT 2021,JavaExpressionParser.java,1617244282477,9332,9332,(I)16(R)3,0.8421052631578947,0.0,0.0,0.0,0.0,0.0,2.111111111111111,0.0,0.0,0.0,0.0,0.3333333333333333,1.7777777777777777,0.0,[]
185,,Wed Mar 31 22:31:32 EDT 2021,JavaExpressionParser.java,1617244292149,3341,3341,(I)9(R)1(I)8,0.9444444444444444,0.0,0.0,0.0,0.0,0.0,6.0,0.0,0.0,0.0,0.0,0.3333333333333333,5.666666666666667,0.0,[]
186,,Wed Mar 31 22:31:35 EDT 2021,JavaExpressionParser.java,1617244295968,15205,0,(I)9(R)1(I)1(R)1(I)9,0.9047619047619048,0.0,0.0,0.0,0.0,0.0,1.4,0.0,0.0,0.0,0.0,0.13333333333333333,1.2666666666666666,0.0,[]
187,,Wed Mar 31 22:31:51 EDT 2021,JavaExpressionParser.java,1617244311342,24024,0,(I)21,1.0,0.0,0.0,0.0,0.0,0.0,0.875,0.0,0.0,0.0,0.0,0.0,0.875,0.0,[]
188,,Wed Mar 31 22:32:15 EDT 2021,JavaExpressionParser.java,1617244335630,7230,7230,(I)11(R)1(I)6,0.9444444444444444,0.0,0.0,0.0,0.0,0.0,2.5714285714285716,0.0,0.0,0.0,0.0,0.14285714285714285,2.4285714285714284,0.0,[]
189,,Wed Mar 31 22:32:23 EDT 2021,JavaExpressionParser.java,1617244343676,64294,0,(I)6(F)2(I)3(R)1(I)9,0.8571428571428571,0.0,0.0,9.523809523809524,0.0,0.0,0.328125,0.0,0.0,0.03125,0.0,0.015625,0.28125,0.0,[]
190,,Wed Mar 31 22:33:27 EDT 2021,JavaExpressionParser.java,1617244407977,7159,7159,(I)22,1.0,0.0,0.0,0.0,0.0,0.0,3.142857142857143,0.0,0.0,0.0,0.0,0.0,3.142857142857143,0.0,[]
191,,Wed Mar 31 22:33:35 EDT 2021,JavaExpressionParser.java,1617244415531,7349,7349,(I)14(R)2(I)7,0.9130434782608695,0.0,0.0,0.0,0.0,0.0,3.2857142857142856,0.0,0.0,0.0,0.0,0.2857142857142857,3.0,0.0,[]
192,,Wed Mar 31 22:33:43 EDT 2021,JavaExpressionParser.java,1617244423532,6792,6792,(I)12(R)1(I)9,0.9545454545454546,0.0,0.0,0.0,0.0,0.0,3.6666666666666665,0.0,0.0,0.0,0.0,0.16666666666666666,3.5,0.0,[]
193,,Wed Mar 31 22:33:50 EDT 2021,JavaExpressionParser.java,1617244430510,4876,4876,(I)8(R)1(I)13,0.9545454545454546,0.0,0.0,0.0,0.0,0.0,5.5,0.0,0.0,0.0,0.0,0.25,5.25,0.0,[]
194,,Wed Mar 31 22:33:55 EDT 2021,JavaExpressionParser.java,1617244435554,5495,5495,(I)13(R)1(I)3(R)1(I)5,0.9130434782608695,0.0,0.0,0.0,0.0,0.0,4.6,0.0,0.0,0.0,0.0,0.4,4.2,0.0,[]
195,,Wed Mar 31 22:34:01 EDT 2021,JavaExpressionParser.java,1617244441098,8022,8022,(I)22,1.0,0.0,0.0,0.0,0.0,0.0,2.75,0.0,0.0,0.0,0.0,0.0,2.75,0.0,[]
196,,Wed Mar 31 22:34:09 EDT 2021,JavaExpressionParser.java,1617244449169,7105,7105,(I)21,1.0,0.0,0.0,0.0,0.0,0.0,3.0,0.0,0.0,0.0,0.0,0.0,3.0,0.0,[]
197,,Wed Mar 31 22:34:16 EDT 2021,JavaExpressionParser.java,1617244456352,5312,5312,(I)18(R)1(I)1,0.95,0.0,0.0,0.0,0.0,0.0,4.0,0.0,0.0,0.0,0.0,0.2,3.8,0.0,[]
198,,Wed Mar 31 22:34:21 EDT 2021,JavaExpressionParser.java,1617244461937,5995,5995,(I)3(R)2(I)14(R)2(I)2(R)1,0.7916666666666666,0.0,0.0,0.0,0.0,0.0,4.8,0.0,0.0,0.0,0.0,1.0,3.8,0.0,[]
199,,Wed Mar 31 22:34:28 EDT 2021,JavaExpressionParser.java,1617244468217,6256,6256,(R)1(I)19,0.95,0.0,0.0,0.0,0.0,0.0,3.3333333333333335,0.0,0.0,0.0,0.0,0.16666666666666666,3.1666666666666665,0.0,[]
200,,Wed Mar 31 22:34:34 EDT 2021,JavaExpressionParser.java,1617244474572,7103,7103,(I)22(R)1,0.9565217391304348,0.0,0.0,0.0,0.0,0.0,3.2857142857142856,0.0,0.0,0.0,0.0,0.14285714285714285,3.142857142857143,0.0,[]
201,,Wed Mar 31 22:34:41 EDT 2021,JavaExpressionParser.java,1617244481678,21025,0,(R)1(I)18,0.9473684210526315,0.0,0.0,0.0,0.0,0.0,0.9047619047619048,0.0,0.0,0.0,0.0,0.047619047619047616,0.8571428571428571,0.0,[]
202,,Wed Mar 31 22:35:02 EDT 2021,JavaExpressionParser.java,1617244502788,16774,0,(I)22,1.0,0.0,0.0,0.0,0.0,0.0,1.375,0.0,0.0,0.0,0.0,0.0,1.375,0.0,[]
203,,Wed Mar 31 22:35:19 EDT 2021,JavaExpressionParser.java,1617244519793,25433,0,(I)22,1.0,0.0,0.0,0.0,0.0,0.0,0.88,0.0,0.0,0.0,0.0,0.0,0.88,0.0,[]
204,,Wed Mar 31 22:35:45 EDT 2021,JavaExpressionParser.java,1617244545358,9878,9878,(I)25,1.0,0.0,0.0,0.0,0.0,0.0,2.7777777777777777,0.0,0.0,0.0,0.0,0.0,2.7777777777777777,0.0,[]
205,,Wed Mar 31 22:35:55 EDT 2021,JavaExpressionParser.java,1617244555303,15309,0,(I)13(F)1(I)2(F)1(I)1,0.8888888888888888,0.0,0.0,11.11111111111111,0.0,0.0,1.2,0.0,0.0,0.13333333333333333,0.0,0.0,1.0666666666666667,0.0,[]
206,,Wed Mar 31 22:36:26 EDT 2021,JavaExpressionParser.java,1617244586389,14069,0,(I)10(R)6(I)5,0.7142857142857143,0.0,0.0,0.0,0.0,0.0,1.5,0.0,0.0,0.0,0.0,0.42857142857142855,1.0714285714285714,0.0,[]
207,,Wed Mar 31 22:36:40 EDT 2021,JavaExpressionParser.java,1617244600658,50826,0,(I)20,1.0,0.0,0.0,0.0,0.0,0.0,0.4,0.0,0.0,0.0,0.0,0.0,0.4,0.0,[]
208,,Wed Mar 31 22:37:31 EDT 2021,JavaExpressionParser.java,1617244651637,56885,0,(I)21,1.0,0.0,0.0,0.0,0.0,0.0,0.375,0.0,0.0,0.0,0.0,0.0,0.375,0.0,[]
209,,Wed Mar 31 22:38:28 EDT 2021,JavaExpressionParser.java,1617244708633,19289,0,(I)22(R)1,0.9565217391304348,0.0,0.0,0.0,0.0,0.0,1.2105263157894737,0.0,0.0,0.0,0.0,0.05263157894736842,1.1578947368421053,0.0,[]
210,,Wed Mar 31 22:38:44 EDT 2021,JavaExpressionParser.java,1617244724454,16386,0,(I)23,1.0,0.0,0.0,0.0,0.0,0.0,1.4375,0.0,0.0,0.0,0.0,0.0,1.4375,0.0,[]
211,,Wed Mar 31 22:39:01 EDT 2021,JavaExpressionParser.java,1617244741434,30242,0,(I)3(R)1(I)14(R)1(I)3,0.9090909090909091,0.0,0.0,0.0,0.0,0.0,0.7333333333333333,0.0,0.0,0.0,0.0,0.06666666666666667,0.6666666666666666,0.0,[]
212,,Wed Mar 31 22:39:31 EDT 2021,JavaExpressionParser.java,1617244771832,19811,0,(I)21,1.0,0.0,0.0,0.0,0.0,0.0,1.105263157894737,0.0,0.0,0.0,0.0,0.0,1.105263157894737,0.0,[]
213,,Wed Mar 31 22:39:51 EDT 2021,JavaExpressionParser.java,1617244791837,40953,0,(I)24,1.0,0.0,0.0,0.0,0.0,0.0,0.6,0.0,0.0,0.0,0.0,0.0,0.6,0.0,[]
214,,Wed Mar 31 22:40:32 EDT 2021,JavaExpressionParser.java,1617244832797,14494,0,(I)14(R)1(I)1(R)1(I)1(R)1(I)2,0.8571428571428571,0.0,0.0,0.0,0.0,0.0,1.5,0.0,0.0,0.0,0.0,0.21428571428571427,1.2857142857142858,0.0,[]
215,,Wed Mar 31 22:40:47 EDT 2021,JavaExpressionParser.java,1617244847713,22465,0,(I)15(R)1(I)3,0.9473684210526315,0.0,0.0,0.0,0.0,0.0,0.8636363636363636,0.0,0.0,0.0,0.0,0.045454545454545456,0.8181818181818182,0.0,[]
216,,Wed Mar 31 22:41:10 EDT 2021,JavaExpressionParser.java,1617244870335,10623,0,(I)4(R)1(I)7(R)1(I)9(R)2,0.8333333333333334,0.0,0.0,0.0,0.0,0.0,2.4,0.0,0.0,0.0,0.0,0.4,2.0,0.0,[]
217,,Wed Mar 31 22:41:21 EDT 2021,JavaExpressionParser.java,1617244881580,5723,5723,(I)16(R)2(I)1,0.8947368421052632,0.0,0.0,0.0,0.0,0.0,3.8,0.0,0.0,0.0,0.0,0.4,3.4,0.0,[]
218,,Wed Mar 31 22:41:27 EDT 2021,JavaExpressionParser.java,1617244887396,6263,6263,(I)22,1.0,0.0,0.0,0.0,0.0,0.0,3.6666666666666665,0.0,0.0,0.0,0.0,0.0,3.6666666666666665,0.0,[]
219,,Wed Mar 31 22:41:33 EDT 2021,JavaExpressionParser.java,1617244893725,5864,5864,(I)8(R)4(I)3(R)2(I)8,0.76,0.0,0.0,0.0,0.0,0.0,5.0,0.0,0.0,0.0,0.0,1.2,3.8,0.0,[]
220,,Wed Mar 31 22:41:40 EDT 2021,JavaExpressionParser.java,1617244900387,11847,0,(I)9(R)3(I)9,0.8571428571428571,0.0,0.0,0.0,0.0,0.0,1.9090909090909092,0.0,0.0,0.0,0.0,0.2727272727272727,1.6363636363636365,0.0,[]
221,,Wed Mar 31 22:41:52 EDT 2021,JavaExpressionParser.java,1617244912995,5695,5695,(I)6(R)3(I)5(R)3(I)4,0.7142857142857143,0.0,0.0,0.0,0.0,0.0,4.2,0.0,0.0,0.0,0.0,1.2,3.0,0.0,[]
222,,Wed Mar 31 22:41:58 EDT 2021,JavaExpressionParser.java,1617244918833,15061,0,(I)17,1.0,0.0,0.0,0.0,0.0,0.0,1.1333333333333333,0.0,0.0,0.0,0.0,0.0,1.1333333333333333,0.0,[]
223,,Wed Mar 31 22:42:14 EDT 2021,JavaExpressionParser.java,1617244934487,5699,5699,(I)20,1.0,0.0,0.0,0.0,0.0,0.0,4.0,0.0,0.0,0.0,0.0,0.0,4.0,0.0,[]
224,,Wed Mar 31 22:42:21 EDT 2021,JavaExpressionParser.java,1617244941011,7647,7647,(I)10(R)2(I)7,0.8947368421052632,0.0,0.0,0.0,0.0,0.0,2.7142857142857144,0.0,0.0,0.0,0.0,0.2857142857142857,2.4285714285714284,0.0,[]
225,,Wed Mar 31 22:42:28 EDT 2021,JavaExpressionParser.java,1617244948746,22082,0,(I)9(R)1(I)11,0.9523809523809523,0.0,0.0,0.0,0.0,0.0,0.9545454545454546,0.0,0.0,0.0,0.0,0.045454545454545456,0.9090909090909091,0.0,[]
226,,Wed Mar 31 22:42:51 EDT 2021,JavaExpressionParser.java,1617244971225,19896,0,(I)25,1.0,0.0,0.0,0.0,0.0,0.0,1.3157894736842106,0.0,0.0,0.0,0.0,0.0,1.3157894736842106,0.0,[]
227,,Wed Mar 31 22:43:11 EDT 2021,JavaExpressionParser.java,1617244991301,16099,0,(I)21,1.0,0.0,0.0,0.0,0.0,0.0,1.3125,0.0,0.0,0.0,0.0,0.0,1.3125,0.0,[]
228,,Wed Mar 31 22:43:27 EDT 2021,JavaExpressionParser.java,1617245007417,12044,0,(I)16(R)1(I)1,0.9444444444444444,0.0,0.0,0.0,0.0,0.0,1.5,0.0,0.0,0.0,0.0,0.08333333333333333,1.4166666666666667,0.0,[]
229,,Wed Mar 31 22:43:40 EDT 2021,JavaExpressionParser.java,1617245020383,554,554,(I)20(R)1(I)1,0.9545454545454546,0.0,0.0,0.0,0.0,0.0,0.0,0.0,0.0,0.0,0.0,null,0.0,0.0,[]
230,,Wed Mar 31 22:43:44 EDT 2021,JavaExpressionParser.java,1617245024620,27074,0,(I)14(F)2(I)9,0.92,0.0,0.0,8.0,0.0,0.0,0.9259259259259259,0.0,0.0,0.07407407407407407,0.0,0.0,0.8518518518518519,0.0,[]
231,,Wed Mar 31 22:44:12 EDT 2021,JavaExpressionParser.java,1617245052254,20571,0,(I)8(R)3(I)2(R)1(I)10,0.8333333333333334,0.0,0.0,0.0,0.0,0.0,1.2,0.0,0.0,0.0,0.0,0.2,1.0,0.0,[]
232,,Wed Mar 31 22:44:24 EDT 2021,JavaExpressionParser.java,1617245064890,26799,0,(I)18,1.0,0.0,0.0,0.0,0.0,0.0,0.6923076923076923,0.0,0.0,0.0,0.0,0.0,0.6923076923076923,0.0,[]
233,,Wed Mar 31 22:44:59 EDT 2021,JavaExpressionParser.java,1617245099699,39992,0,(F)2(I)1(F)2(I)16(R)1(I)3,0.8,0.0,0.0,16.0,0.0,0.0,0.6410256410256411,0.0,0.0,0.10256410256410256,0.0,0.02564102564102564,0.5128205128205128,0.0,[]
234,,Wed Mar 31 22:45:39 EDT 2021,JavaExpressionParser.java,1617245139948,-5454,-5454,(I)16(R)1(I)5,0.9545454545454546,0.0,0.0,0.0,0.0,0.0,0.0,0.0,0.0,0.0,0.0,null,0.0,0.0,[]
235,,Wed Mar 31 22:45:37 EDT 2021,JavaExpressionParser.java,1617245137737,26593,0,(R)1(I)20(R)1,0.9090909090909091,0.0,0.0,0.0,0.0,0.0,0.8461538461538461,0.0,0.0,0.0,0.0,0.07692307692307693,0.7692307692307693,0.0,[]
236,,Wed Mar 31 22:46:04 EDT 2021,JavaExpressionParser.java,1617245164634,7514,7514,(I)1(R)1(I)11(R)4(I)2,0.7368421052631579,0.0,0.0,0.0,0.0,0.0,2.7142857142857144,0.0,0.0,0.0,0.0,0.7142857142857143,2.0,0.0,[]
237,,Wed Mar 31 22:46:12 EDT 2021,JavaExpressionParser.java,1617245172219,4052,4052,(I)1(R)2(I)1(R)1(I)1(R)1(I)3(R)1(I)2(R)3(I)6,0.6363636363636364,0.0,0.0,0.0,0.0,0.0,5.5,0.0,0.0,0.0,0.0,2.0,3.5,0.0,[]
238,,Wed Mar 31 22:46:16 EDT 2021,JavaExpressionParser.java,1617245176276,20747,0,(I)19,1.0,0.0,0.0,0.0,0.0,0.0,0.95,0.0,0.0,0.0,0.0,0.0,0.95,0.0,[]
239,,Wed Mar 31 22:46:37 EDT 2021,JavaExpressionParser.java,1617245197074,11646,0,(I)19,1.0,0.0,0.0,0.0,0.0,0.0,1.7272727272727273,0.0,0.0,0.0,0.0,0.0,1.7272727272727273,0.0,[]
240,,Wed Mar 31 22:46:48 EDT 2021,JavaExpressionParser.java,1617245208819,9915,9915,(I)18,1.0,0.0,0.0,0.0,0.0,0.0,2.0,0.0,0.0,0.0,0.0,0.0,2.0,0.0,[]
241,,Wed Mar 31 22:46:58 EDT 2021,JavaExpressionParser.java,1617245218752,12024,0,(I)8(R)1(I)1(R)4(I)4,0.7222222222222222,0.0,0.0,0.0,0.0,0.0,1.5,0.0,0.0,0.0,0.0,0.4166666666666667,1.0833333333333333,0.0,[]
242,,Wed Mar 31 22:47:11 EDT 2021,JavaExpressionParser.java,1617245231747,82286,0,(I)6(F)2(I)2(F)2(I)4(F)1(N)5(F)1(I)1,0.5416666666666666,0.0,20.833333333333336,25.0,0.0,0.0,0.2926829268292683,0.06097560975609756,0.0,0.07317073170731707,0.0,0.0,0.15853658536585366,0.0,[]
243,,Wed Mar 31 22:46:50 EDT 2021,JavaExpressionParser.java,1617245210751,115706,0,(I)2(R)2(I)21,0.92,0.0,0.0,0.0,0.0,0.0,0.21739130434782608,0.0,0.0,0.0,0.0,0.017391304347826087,0.2,0.0,[]
244,,Wed Mar 31 22:48:46 EDT 2021,JavaExpressionParser.java,1617245326630,8979,8979,(I)24,1.0,0.0,0.0,0.0,0.0,0.0,3.0,0.0,0.0,0.0,0.0,0.0,3.0,0.0,[]
245,,Wed Mar 31 22:48:55 EDT 2021,JavaExpressionParser.java,1617245335867,8020,8020,(I)17(R)1(I)3,0.9523809523809523,0.0,0.0,0.0,0.0,0.0,2.625,0.0,0.0,0.0,0.0,0.125,2.5,0.0,[]
246,,Wed Mar 31 22:49:06 EDT 2021,JavaExpressionParser.java,1617245346284,8692,8692,(I)3(R)3(I)9,0.8,0.0,0.0,0.0,0.0,0.0,1.875,0.0,0.0,0.0,0.0,0.375,1.5,0.0,[]
247,,Wed Mar 31 22:49:21 EDT 2021,JavaExpressionParser.java,1617245361423,11570,0,(I)22,1.0,0.0,0.0,0.0,0.0,0.0,2.0,0.0,0.0,0.0,0.0,0.0,2.0,0.0,[]
248,,Wed Mar 31 22:49:33 EDT 2021,JavaExpressionParser.java,1617245373267,15618,0,(I)25,1.0,0.0,0.0,0.0,0.0,0.0,1.6666666666666667,0.0,0.0,0.0,0.0,0.0,1.6666666666666667,0.0,[]
249,,Wed Mar 31 22:49:49 EDT 2021,JavaExpressionParser.java,1617245389222,109960,0,(I)2(F)2(I)14(R)1(I)5,0.875,0.0,0.0,8.333333333333332,0.0,0.0,0.22018348623853212,0.0,0.0,0.01834862385321101,0.0,0.009174311926605505,0.1926605504587156,0.0,[]
250,,Wed Mar 31 22:51:39 EDT 2021,JavaExpressionParser.java,1617245499668,9168,9168,(I)5(R)1(I)8(R)1(I)5(R)1(I)1(R)1,0.8260869565217391,0.0,0.0,0.0,0.0,0.0,2.5555555555555554,0.0,0.0,0.0,0.0,0.4444444444444444,2.111111111111111,0.0,[]
251,,Wed Mar 31 22:51:47 EDT 2021,JavaExpressionParser.java,1617245507214,1789,1789,(I)3(R)1(I)9(R)1(I)8,0.9090909090909091,0.0,0.0,0.0,0.0,0.0,22.0,0.0,0.0,0.0,0.0,2.0,20.0,0.0,[]
252,,Wed Mar 31 22:51:53 EDT 2021,JavaExpressionParser.java,1617245513314,8309,8309,(R)1(I)19,0.95,0.0,0.0,0.0,0.0,0.0,2.5,0.0,0.0,0.0,0.0,0.125,2.375,0.0,[]
253,,Wed Mar 31 22:52:01 EDT 2021,JavaExpressionParser.java,1617245521774,5989,5989,(I)1(R)4(I)15,0.8,0.0,0.0,0.0,0.0,0.0,4.0,0.0,0.0,0.0,0.0,0.8,3.2,0.0,[]
254,,Wed Mar 31 22:52:09 EDT 2021,JavaExpressionParser.java,1617245529554,18433,0,(I)14(F)1(I)2(F)1(I)7,0.92,0.0,0.0,8.0,0.0,0.0,1.3888888888888888,0.0,0.0,0.1111111111111111,0.0,0.0,1.2777777777777777,0.0,[]
255,,Wed Mar 31 22:52:28 EDT 2021,JavaExpressionParser.java,1617245548187,12383,0,(I)18,1.0,0.0,0.0,0.0,0.0,0.0,1.5,0.0,0.0,0.0,0.0,0.0,1.5,0.0,[]
256,,Wed Mar 31 22:52:40 EDT 2021,JavaExpressionParser.java,1617245560701,2282,2282,(I)22,1.0,0.0,0.0,0.0,0.0,0.0,11.0,0.0,0.0,0.0,0.0,0.0,11.0,0.0,[]
257,,Wed Mar 31 22:53:06 EDT 2021,JavaExpressionParser.java,1617245586880,18526,0,(I)1(R)2(I)3(R)3(I)15,0.7916666666666666,0.0,0.0,0.0,0.0,0.0,1.3333333333333333,0.0,0.0,0.0,0.0,0.2777777777777778,1.0555555555555556,0.0,[]
258,,Wed Mar 31 22:53:26 EDT 2021,JavaExpressionParser.java,1617245606083,29457,0,(I)22,1.0,0.0,0.0,0.0,0.0,0.0,0.7586206896551724,0.0,0.0,0.0,0.0,0.0,0.7586206896551724,0.0,[]
259,,Wed Mar 31 22:53:58 EDT 2021,JavaExpressionParser.java,1617245638480,-27119,-27119,(I)1(R)1(I)4(R)2(I)16,0.875,0.0,0.0,0.0,0.0,0.0,0.0,0.0,0.0,0.0,0.0,null,0.0,0.0,[]
260,,Wed Mar 31 22:53:59 EDT 2021,JavaExpressionParser.java,1617245639037,10562,0,(R)1(I)1(R)1(I)1(R)1(I)1(R)3(I)12,0.7142857142857143,0.0,0.0,0.0,0.0,0.0,2.1,0.0,0.0,0.0,0.0,0.6,1.5,0.0,[]
261,,Wed Mar 31 22:54:09 EDT 2021,JavaExpressionParser.java,1617245649952,18371,0,(I)18,1.0,0.0,0.0,0.0,0.0,0.0,1.0,0.0,0.0,0.0,0.0,0.0,1.0,0.0,[]
262,,Wed Mar 31 22:54:28 EDT 2021,JavaExpressionParser.java,1617245668427,7437,7437,(I)1(R)1(I)1(R)1(I)1(R)1(I)4(R)2(I)11,0.782608695652174,0.0,0.0,0.0,0.0,0.0,3.2857142857142856,0.0,0.0,0.0,0.0,0.7142857142857143,2.5714285714285716,0.0,[]
263,,Wed Mar 31 22:54:36 EDT 2021,JavaExpressionParser.java,1617245676164,8057,8057,(I)20,1.0,0.0,0.0,0.0,0.0,0.0,2.5,0.0,0.0,0.0,0.0,0.0,2.5,0.0,[]
264,,Wed Mar 31 22:54:45 EDT 2021,JavaExpressionParser.java,1617245685242,8264,8264,(I)14(R)1,0.9333333333333333,0.0,0.0,0.0,0.0,0.0,1.875,0.0,0.0,0.0,0.0,0.125,1.75,0.0,[]
265,,Wed Mar 31 22:54:53 EDT 2021,JavaExpressionParser.java,1617245693897,7202,7202,(I)7(R)1(I)1(R)1(I)1(R)1(I)4(R)3,0.6842105263157895,0.0,0.0,0.0,0.0,0.0,2.7142857142857144,0.0,0.0,0.0,0.0,0.8571428571428571,1.8571428571428572,0.0,[]
266,,Wed Mar 31 22:55:01 EDT 2021,JavaExpressionParser.java,1617245701232,10525,0,(R)4(I)4(R)2(I)4(R)1(I)3,0.6111111111111112,0.0,0.0,0.0,0.0,0.0,1.8,0.0,0.0,0.0,0.0,0.7,1.1,0.0,[]
